code,code_name_th,code_name_en,remark
0110,ทหารชั้นสัญญาบัตร,,43แฟ้ม
0210,ทหารชั้นประทวน,,43แฟ้ม
0310,ทหารยศอื่นๆ,,43แฟ้ม
1111,ข้าราชการการเมืองและนักการเมืองผู้ปฏิบัติงานเกี่ยวกับการกำหนด บัญญัติ และกำกับของนโยบายรัฐบาลในระดับประเทศภูมิภาคหรือท้องถิ่นหรือสภานิติบัญญัติ เช่น นายกรัฐมนตรี  รัฐมนตรี สส. สว. สมาชิกสภาเมือง นายกเทศมนตรี ,,43แฟ้ม
1112,ข้าราชการระดับอาวุโส ผุ้ปฏิบัติงานเกี่ยวกับการให้คำปรึกษาด้านนโยบาย งบประมาณ และระเบียบข้อบังคับต่างๆ แก่รัฐบาล,,43แฟ้ม
1112,ผู้บัญชาการตำรวจแห่งชาติ,,43แฟ้ม
1112,จเรตำรวจ,,43แฟ้ม
1113,กำนัน,,43แฟ้ม
1113,ผู้ใหญ่บ้าน,,43แฟ้ม
1113,หัวหน้าหมู่บ้าน,,43แฟ้ม
1120,กรรมการผู้จัดการและผู้บริหารระดับสูงภาคเอกชน,,43แฟ้ม
1210,ผู้จัดการด้านบริการและบริหารจัดการวิสาหกิจ,,43แฟ้ม
1211,ผู้จัดการด้านการเงินภาครัฐ/รัฐวิสาหกิจ/เอกชน,,43แฟ้ม
1212,ผู้จัดการด้านทรัพยากรบุคคลภาครัฐ/รัฐวิสาหกิจ/เอกชน,,43แฟ้ม
1213,ผู้จัดการด้านนโยบายและแผนภาครัฐ/รัฐวิสาหกิจ/เอกชน,,43แฟ้ม
1219,ผู้จัดการด้านบริการและบริหารจัดการภาครัฐ/รัฐวิสาหกิจ/เอกชน ซึ่งมิได้จัดประเภทไว้ที่อื่น,,43แฟ้ม
1220,ผู้จัดการด้านการขาย การตลาด และการพัฒนาธุรกิจภาครัฐ/รัฐวิสาหกิจ/เอกชน,,43แฟ้ม
1221,ผู้จัดการด้านการขาย ภาครัฐ/รัฐวิสาหกิจ/เอกชน,,43แฟ้ม
1221,ผู้จัดการด้านการตลาด ภาครัฐ/รัฐวิสาหกิจ/เอกชน,,43แฟ้ม
1222,ผู้จัดการด้านโฆษณาและประชาสัมพันธ์ ภาครัฐ/รัฐวิสาหกิจ/เอกชน,,43แฟ้ม
1223,ผู้จัดการด้านวิจัยและพัฒนา ภาครัฐ/รัฐวิสาหกิจ/เอกชน,,43แฟ้ม
1311,ผู้จัดการด้านการผลิตในภาคการเกษตรและการป่าไม้,,43แฟ้ม
1311,ผู้จัดการผลิตด้านป่าไม้,,43แฟ้ม
1311,ผู้จัดการผลิตด้านเพาะปลูก,,43แฟ้ม
1311,ผู้จัดการผลิตด้านการเลี้ยงปศุสัตว์,,43แฟ้ม
1311,ผู้จัดการฟาร์มปศุสัตว์,,43แฟ้ม
1312,ผู้จัดการด้านการผลิตในภาคการเพาะเลี้ยงสัตว์น้ำและการประมง,,43แฟ้ม
1312,ผู้จัดการฝ่ายผลิตด้านการเพาะเลี้ยงสัตว์น้ำ,,43แฟ้ม
1312,ผู้จัดการฝ่ายผลิตด้านการประมง,,43แฟ้ม
1312,ผู้จัดการเรือลากอวน,,43แฟ้ม
1321,ผู้จัดการด้านการผลิตภาครัฐวิสาหกิจและเอกชน,,43แฟ้ม
1322,ผู้จัดการด้านการทำ/ผลิตเหมืองแร่,,43แฟ้ม
1322,ผู้จัดการด้านการทำ/ผลิตเหมืองหิน,,43แฟ้ม
1322,ผู้จัดการฝ่ายผลิตในการขุดเจาะน้ำมันและก๊าซ,,43แฟ้ม
1323,ผู้จัดการโครงการก่อสร้าง,,43แฟ้ม
1323,ผู้รับเหมาก่อสร้าง,,43แฟ้ม
1324,ผู้จัดการด้านการจัดหาและจัดส่งสินค้า,,43แฟ้ม
1324,ผู้จัดการสถานีรถประจำทาง,,43แฟ้ม
1324,ผู้จัดการสถานีรถไฟ,,43แฟ้ม
1324,ผู้จัดการบริษัทขนส่ง,,43แฟ้ม
1330,ผู้จัดการด้านการบริการเทคโนโลยีสารสนเทศและการสื่อสารภาครัฐวิสาหกิจและเอกชน,,43แฟ้ม
1341,ผู้จัดการด้านการบริการดูแลเด็ก,,43แฟ้ม
1342,ผู้จัดการด้านการบริการสุขภาพ,,43แฟ้ม
1342,ผู้อำนวยการคลินิก,,43แฟ้ม
1342,ผู้อำนวยการสถานพยาบาล,,43แฟ้ม
1343,ผู้จัดการด้านการบริการดูแลผู้สูงอายุ,,43แฟ้ม
1343,ผู้จัดการบ้านพักคนชรา,,43แฟ้ม
1344,ผู้จัดการด้านงานสังคมสงเคราะห์,,43แฟ้ม
1345,ผู้จัดการด้านการศึกษา,,43แฟ้ม
1345,ผู้อำนวยการวิทยาลัย,,43แฟ้ม
1345,ครูใหญ่,,43แฟ้ม
1345,คณบดีมหาวิทยาลัย,,43แฟ้ม
1345,ผู้อำนวยการโรงเรียน,,43แฟ้ม
1346,ผู้จัดการธนาคาร,,43แฟ้ม
1346,ผู้จัดการสาขาสถานบันการเงิน,,43แฟ้ม
1346,ผู้จัดการสหกรณ์เคหะ,,43แฟ้ม
1346,ผู้จัดการด้านการประกันภัย,,43แฟ้ม
1349,ผู้กำกับการตำรวจ,,43แฟ้ม
1349,ผู้บัญชาการเรือนจำ,,43แฟ้ม
1411,ผู้จัดการโรงแรม,,43แฟ้ม
1412,ผู้จัดการภัตตาคาร/ร้านอาหาร,,43แฟ้ม
1420,ผู้จัดการด้านการค้าส่ง และค้าปลีก,,43แฟ้ม
1431,ผู้จัดการด้านการกีฬา นันทนาการ และศูนย์วัฒนธรรม,,43แฟ้ม
1439,ผู้จัดการด้านการบริการ ซึ่งมิได้จัดประเภทไว้ในที่อื่น,,43แฟ้ม
2111,นักฟิสิกส์และนักดาราศาสตร์,,43แฟ้ม
2111,นักฟิสิกส์การแพทย์,,43แฟ้ม
2111,นักนิวเคลียร์ฟิสิกส์,,43แฟ้ม
2112,นักอุตุนิยมวิทยา,,43แฟ้ม
2113,นักเคมี,,43แฟ้ม
2114,นักธรณีวิทยาและนักธรณีฟิสิกส์,,43แฟ้ม
2120,นักคณิตศาสตร์ นักคณิตศาสตร์ประกันภัยและนักสถิติ,,43แฟ้ม
2131,นักชีววิทยา นักพฤกษศาสตร์ นักสัตวศาสตร์ และผู้ประกอบวิชาชีพที่เกี่ยวข้อง,,43แฟ้ม
2132,ผู้ให้คำปรึกษาด้านการเกษตร การป่าไม้ และการประมง,,43แฟ้ม
2132,นักวิชาการพืชสวน,,43แฟ้ม
2133,ผู้ประกอบวิชีพด้านการรักษาสิ่งแวดล้อม,,43แฟ้ม
2141,วิศวกรอุตสาหการและการผลิต,,43แฟ้ม
2142,วิศวกรโยธา,,43แฟ้ม
2143,วิศวกรสิ่งแวดล้อม,,43แฟ้ม
2144,วิศวกรเครื่องกล,,43แฟ้ม
2144,วิศวกรอากาศยาน,,43แฟ้ม
2144,วิศวกรต่อเรือ,,43แฟ้ม
2145,วิศวกรเคมี,,43แฟ้ม
2146,วิศวกรเหมืองแร่ นักโลหะกรรม และผู้ประกอบวิชาชีพที่เกี่ยวข้อง,,43แฟ้ม
2149,วิศวกร (ยกเว้นวิศวกรเทคโนโลยีไฟฟ้า)ซึ่งมิได้จัดประเภทไว้ที่อื่น,,43แฟ้ม
2151,วิศวกรไฟฟ้า,,43แฟ้ม
2152,วิศวกรอิเล็กทรอนิกส์,,43แฟ้ม
2152,วิศวกรคอมพิวเตอร์อาร์ดแวร์,,43แฟ้ม
2153,วิศวกรโทรคมนาคม,,43แฟ้ม
2161,สถาปนิกก่อสร้าง และออกแบบภายใน,,43แฟ้ม
2165,นักทำแผนที่และนักสำรวจ,,43แฟ้ม
2162,นักภูมิสถาปัตย์,,43แฟ้ม
2163,นักออกแบบผลิตภัณฑ์และเครื่องแต่งกาย,,43แฟ้ม
2164,นักวางผังเมือง และระบบการจราจร,,43แฟ้ม
2166,นักออกแบบภาพกราฟฟิกและสื่อผสม,,43แฟ้ม
2211,แพทย์ทั่วไป,,43แฟ้ม
2212,แพทย์เฉพาะทาง,,43แฟ้ม
2221,พยาบาล,,43แฟ้ม
2222,ผดุงครรภ์วิชาชีพ,,43แฟ้ม
2230,แพทย์แผนโบราณและแพทย์ทางเลือก,,43แฟ้ม
2240,ผู้ช่วยแพทย์,,43แฟ้ม
2250,สัตวแพทย์,,43แฟ้ม
2261,ทันตแพทย์,,43แฟ้ม
2262,เภสัชกร,,43แฟ้ม
2263,ผู้ประกอบวิชาชีพด้านสุขภาพและสุขอนามัยที่เกี่ยวข้องกับสิ่งแวดล้อมและการประกอบวิชาชีพ,,43แฟ้ม
2263,ผู้เชี่ยวชาญด้านการป้องกันรังสี,,43แฟ้ม
2264,นักกายภาพบำบัด,,43แฟ้ม
2265,นักโภชนาการ,,43แฟ้ม
2266,นักแก้ไขการได้ยินและการพูด,,43แฟ้ม
2269,นักศิลปะบำบัด,,43แฟ้ม
2269,นักเคลื่อนไหวบำบัด,,43แฟ้ม
2269,นักกิจกรรมบำบัด/อาชีวบำบัด,,43แฟ้ม
2269,นักนันทนาการบำบัด,,43แฟ้ม
2310,ครูสอนระดับมหาวิทยาลัยและระดับอุดมศึกษา,,43แฟ้ม
2320,ครูสอนระดับอาชีวศึกษา,,43แฟ้ม
2330,ครูสอนระดับมัธยมศึกษา,,43แฟ้ม
2341,ครูสอนระดับประถมศึกษา,,43แฟ้ม
2342,ครูสอนระดับปฐมวัย,,43แฟ้ม
2351,ผู้เชี่ยวชาญด้านการศึกษา,,43แฟ้ม
2352,ครูสอนพิเศษ,,43แฟ้ม
2353,ครูสอนภาษา,,43แฟ้ม
2354,ครูสอนดนตรี,,43แฟ้ม
2355, ครูสอนศิลปะ,,43แฟ้ม
2356,ผู้ฝึกอบรมด้านเทคโนโลยีสารสนเทศ,,43แฟ้ม
2411,นักบัญชี,,43แฟ้ม
2412,ที่ปรึกษาด้านการเงิน,,43แฟ้ม
2413,นักวิเคราะห์การเงิน,,43แฟ้ม
2421,นักวิเคราะห์ด้านการบริหารและองค์การ,,43แฟ้ม
2422,นักวิเคราะห์นโยบาย,,43แฟ้ม
2422,เจ้าหน้าที่ข่าวกรอง,,43แฟ้ม
2422,ที่ปรึกษาด้านการเมือง,,43แฟ้ม
2423,ผู้ประกอบวิชาชีพด้านงานบุคคลและอาชีพ,,43แฟ้ม
2424,ผู้ประกอบวิชาชีพด้านการฝึกอบรมและการพัฒนาพนักงาน,,43แฟ้ม
2431,ผู้ประกอบวิชาชีพด้านโฆษณาและการตลาด,,43แฟ้ม
2432,ผู้ประกอบวิชาชีพด้านการประชาสัมพันธ์,,43แฟ้ม
2433,ผู้ประกอบวิชาชีพการขายด้านเทคนิคและด้านการแพทย์ (ยกเว้นด้านเทคโนโลยีสารสนเทศและการสื่อสาร,,43แฟ้ม
2434,ผู้ประกอบวิชาชีพการขายด้านเทคโนโลยีสารสนเทศและการสื่อสาร,,43แฟ้ม
2511,นักวิเคราะห์ระบบคอมพิวเตอร์,,43แฟ้ม
2511,นักวิทยาศาสตร์คอมพิวเตอร์,,43แฟ้ม
2511,นักวิเคราะห์ธุรกิจด้านเทคโนโลยีสานสนเทศและการสื่อสาร,,43แฟ้ม
2512,นักพัฒนาซอฟต์แวร์,,43แฟ้ม
2513,นักพัฒนาเว็บไซต์และสื่อผสม,,43แฟ้ม
2514,โปรแกรมเมอร์,,43แฟ้ม
2519,นักวิเคราะห์และพัฒนาซอฟแวร์และโปรแกรมประยุกต์,,43แฟ้ม
2521,นักออกแบบและผู้บริหารฐานข้อมูล,,43แฟ้ม
2522,ผู้บริหารระบบงานคอมพิวเตอร์,,43แฟ้ม
2523,ผู้ประกอบวิชาชีพด้านเครือข่ายคอมพิวเตอร์,,43แฟ้ม
2523,นักวิเคราะห์ระบบสื่อสาร,,43แฟ้ม
2523,นักวิเคราะห์ระบบเครือข่าย,,43แฟ้ม
2529,ผู้เชี่ยวชาญด้านความปลอดภัยในระบบเทคโนโลยีสารสนเทศและการสื่อสาร,,43แฟ้ม
2611,อัยการ,,43แฟ้ม
2611,นิติกร,,43แฟ้ม
2611,นักกฎหมาย/เนติบัณทิต,,43แฟ้ม
2611,ทนายความ,,43แฟ้ม
2612,ผู้พิพากษา,,43แฟ้ม
2619,ผู้ประกอบวิชาชีพ ด้านกฎหมายซึ่งมิได้จัดประเภทๆไว้ที่อื่น,,43แฟ้ม
2619,จ่าศาล,,43แฟ้ม
2619,เจ้าหน้าที่ชันสูตรศพ,,43แฟ้ม
2621,ผู้เก็บหรือดูแลเอกสารหรือบันทึกสำคัญและภัณฑารักษ์,,43แฟ้ม
2622,บรรณารักษ์และผู้ประกอบวิชาชีพด้านงานสารสนเทศที่เกี่ยวข้อง,,43แฟ้ม
2631,นักเศรษฐศาสตร์,,43แฟ้ม
2632,นักสังคมวิทยา นักมานุษยวิทยา   และผู้ประกอบวิชาชีพที่เกี่ยวข้อง,,43แฟ้ม
2633,นักปรัชญา นักประวัติศาสตร์ และนักรัฐศาสตร์,,43แฟ้ม
2634,นักจิตวิทยา,,43แฟ้ม
2635,นักสังคมสงเคราะห์,,43แฟ้ม
2636,ผู้ประกอบวิชาชีพด้านศาสนา,,43แฟ้ม
2641,นักประพันธ์และนักเขียน,,43แฟ้ม
2642,นักหนังสือพิมพ์,,43แฟ้ม
2642,ผู้สื่อข่าว/โทรทัศน์/วิทยุ,,43แฟ้ม
2642,ผู้สื่อข่าวหนังสือพิมพ์,,43แฟ้ม
2643,นักแปล ล่ามและนักภาษาศาสตร์อื่นๆ,,43แฟ้ม
2651,ประติมากร,,43แฟ้ม
2651,นักวาดภาพ,,43แฟ้ม
2651,ช่างศิลป์,,43แฟ้ม
2651,นักทัศนศิลป์,,43แฟ้ม
2651,นักปั้นเซรามิก,,43แฟ้ม
2652,นักร้อง,,43แฟ้ม
2652,นักดนตรี,,43แฟ้ม
2652,นักประพันธ์เพลง,,43แฟ้ม
2652,วาทยากร,,43แฟ้ม
2653,นักเต้นรำและนักออกแบบท่าเต้น,,43แฟ้ม
2654,นักบัลเลย์,,43แฟ้ม
2654,ผู้กำกับและผู้ผลิตภาพยนตร์ ละครและงานสาขาอื่นๆที่เกี่ยวข้อง,,43แฟ้ม
2654,เจ้าหน้าที่ตัดต่อภาพยนตร์,,43แฟ้ม
2655,นักแสดง,,43แฟ้ม
2656,ผู้ประกาศทางวิทยุ โทรทัศน์  และผู้ประกาศด้านอื่นๆ,,43แฟ้ม
2656,นักจัดรายการทอล์คโชว์,,43แฟ้ม
2659,นักกายกรรม,,43แฟ้ม
2659,นักแสดงตลก,,43แฟ้ม
2659,นักมายากล,,43แฟ้ม
2659,นักพากย์,,43แฟ้ม
2659,นักเชิดหุ่นกระบอก,,43แฟ้ม
3111,ช่างเทคนิคด้านเคมีและวิทยาศาสตร์กายภาพ,,43แฟ้ม
3111,ช่างเทคนิคด้านธรณีวิทยา,,43แฟ้ม
3111,ช่างเทคนิคด้านอุตุนิยมวิทยา,,43แฟ้ม
3112,ช่างเทคนิคด้านวิศวกรรมโยธา,,43แฟ้ม
3112,เจ้าหน้าที่ตรวจสอบอาคาร,,43แฟ้ม
3112,ผู้ควบคุมดูแลวัสดุก่อสร้างและคนงาน,,43แฟ้ม
3112,ช่างเทคนิคด้านการสำรวจ,,43แฟ้ม
3112,เจ้าหน้าที่ตรวจสอบสถานที่เกิดเพลิงไหม้,,43แฟ้ม
3112,เจ้าหน้าที่ตรวจสอบสถานที่เกิดเพลิงไหม้,,43แฟ้ม
3112,ผู้เชี่ยวชาญด้านการป้องกันไฟไหม้,,43แฟ้ม
3113,ช่างเทคนิคด้านวิศวกรรมไฟฟ้า,,43แฟ้ม
3114,ช่างเทคนิคด้านวิศวกรรมอิเล็กทรอนิกส์,,43แฟ้ม
3115,ช่างเทคนิคด้านวิศวกรรมเครื่องกล,,43แฟ้ม
3115,เจ้าหน้าที่สำรวจทางทะเล,,43แฟ้ม
3116,ช่างเทคนิคด้านวิศวกรรมเคมี,,43แฟ้ม
3117,ช่างเทคนิคด้านเหมืองแร่และโลหะวิทยา,,43แฟ้ม
3117,ช่างสำรวจเหมืองแร่,,43แฟ้ม
3118,ช่างเขียนแบบ,,43แฟ้ม
3119,เจ้าหน้าที่เทคนิคด้านนิติวิทยาศาสตร์,,43แฟ้ม
3119,เจ้าหน้าที่ตรวจสอบสาเหตุการเกิดเพลิงไหม้,,43แฟ้ม
3119,ช่างเทคนิคด้านวิศวกรรมการผลิต,,43แฟ้ม
3119,ช่างเทคนิคด้านหุ้นยนต์,,43แฟ้ม
3121,หัวหน้าคุมงานด้านเหมืองแร่,,43แฟ้ม
3122,หัวหน้าคุมงานด้านการผลิต,,43แฟ้ม
3131,ช่างเทคนิคควบคุมเครื่องจักรโรงงานผลิตพลังงานไฟฟ้า,,43แฟ้ม
3123,หัวหน้าคุมงานก่อสร้าง,,43แฟ้ม
3132,ช่างเทคนิคควบคุมเครื่องจักรไอน้ำและหม้อน้ำ,,43แฟ้ม
3132,ช่างเทคนิคควบคุมสถานีสูบน้ำ,,43แฟ้ม
3132,ช่างเทคนิคควบคุมเครื่องจักรโรงงานกำจัดขยะ,,43แฟ้ม
3132,ช่างเทคนิคควบคุมเครื่องจักรบำบัดน้ำเสีย,,43แฟ้ม
3133,ช่างเทคนิคควบคุมเครื่องจักรโรงงานแปรรูปทางเคมี,,43แฟ้ม
3134,ช่างเทคนิคควบคุมเครื่องจักรโรงงานกลั่นปิโตรเลียมและก๊าซธรรมชาติ,,43แฟ้ม
3135,ช่างเทคนิคควบคุมกระบวนการผลิตโลหะ,,43แฟ้ม
3139,ช่างเทคนิคควบคุมกระบวนการอื่นๆ ซึ่งมิได้จัดประเภทไว้ในที่อื่น,,43แฟ้ม
3139,ช่างเทคนิคควบคุมแผงควบคุมการผลิตเยื่อกระดาษและกระดาษ,,43แฟ้ม
3141,เจ้าหน้าที่เทคนิคด้านวิทยาศาสตร์สิ่งมีชีวิต(ยกเว้นแพทย์),,43แฟ้ม
3142,เจ้าหน้าที่เทคนิคด้านการเกตษรและการประมง,,43แฟ้ม
3143,เจ้าหน้าที่เทคนิคด้านการป่าไม้,,43แฟ้ม
3151,ช่างเทคนิคหรือช่างเครื่องประจำเรือ,,43แฟ้ม
3151,วิศวกรประจำเรือ,,43แฟ้ม
3152,กัปตันเรือ,,43แฟ้ม
3152,เจ้าหน้าที่ประจำห้องบังคับการเรือและผู้นำร่อง,,43แฟ้ม
3152,ไต๋กงเรือ,,43แฟ้ม
3153,นักบินและผู้ประกอบวิชาชีพอื่นๆที่เกี่ยวข้อง,,43แฟ้ม
3154,ผู้ควบคุมการจราจรทางอากาศ,,43แฟ้ม
3155,วิศวกรความปลอดภัยด้านการจราจรทางอากาศ,,43แฟ้ม
3155,ช่างเทคนิคความปลอดภัยด้านการจราจรทางอากาศ,,43แฟ้ม
3211,เจ้าหน้าที่เทคนิคด้านการสร้างภาพทางการแพทย์และอุปกรณ์การบำบักรักษาโรค,,43แฟ้ม
3211,เจ้าหน้าที่ถ่ายภาพรังสีเพื่อการวินิจฉัยทางการแพทย์,,43แฟ้ม
3211,เจ้าหน้าที่รังสีเทคนิคเพื่อการตรวจเต้านมด้วยเครื่องแมมโมแกรม,,43แฟ้ม
3211,เจ้าหน้าที่บำบักด้วยรังสี,,43แฟ้ม
3211,เจ้าหน้าที่เอกเรย์ด้วยคลื่นแม่เหล็กไฟฟ้า (MRI),,43แฟ้ม
3211,นักเทคโนโลยีการแพทย์นิวเคลียร์,,43แฟ้ม
3211,เจ้าหน้าที่อัลตราซาวนด์,,43แฟ้ม
3212,เจ้าหน้าที่ เทคนิคในห้องปฏิบัติการทางการแพทย์และพยาธิวิทยา,,43แฟ้ม
3212,เจ้าหน้าที่เทคนิคในธนาคารเลือด,,43แฟ้ม
3212,เจ้าหน้าที่เทคนิคด้านเชลล์วิทยา,,43แฟ้ม
3213,เจ้าหน้าที่เทคนิคด้านเภสัชกรรมและผู้ช่วย,,43แฟ้ม
3214,เจ้าหน้าที่เทคนิคด้านอุปกรณ์การแพทย์เทียมและฟันเทียม,,43แฟ้ม
3221,ผู้ประกอบวิชาชีพที่เกี่ยวข้องกับการพยาบาล,,43แฟ้ม
3221,ผู้ช่วยพยาบาล,,43แฟ้ม
3222,ผู้ประกอบวิชาชีพเกี่ยวข้องกับการผดุงครรภ์,,43แฟ้ม
3222,หมอตำแย,,43แฟ้ม
3230,ผู้ประกอบวิชาชีพที่เกี่ยวข้องกับแพทย์แผนโบราณและแพทย์ทางเลือก,,43แฟ้ม
3230,นักสมุนไพร,,43แฟ้ม
3230,หมอผี/หมอไสยศาสตร์,,43แฟ้ม
3240,ผู้ช่วยและผู้ประกอบวิชาชีพที่เกี่ยวข้องกับสัตวแพทย์,,43แฟ้ม
3251,ผู้ช่วยทันตแพทย์และนักทันตกรรมบำบัด,,43แฟ้ม
3252,เจ้าหน้าที่เวชระเบียนและเจ้าหน้าที่เทคนิคด้านข้อมูลสุขภาพ,,43แฟ้ม
3253,เจ้าหน้าที่ด้านสุขภาพของชุมชน,,43แฟ้ม
3254,ผู้ตรวจวัดสายตาและช่างประกอบแว่นตา,,43แฟ้ม
3255,เจ้าหน้าที่เทคนิคและผู้ช่วยด้านกายภาพบำบัด,,43แฟ้ม
3255,นักบำบัดโรคด้วยนวดแบบกดจุด,,43แฟ้ม
3256,ผู้ช่วยด้านการแพทย์,,43แฟ้ม
3257,ผู้ตรวจสอบด้านสิ่งแวดล้อม การทำงาน สุขภาพ และงานที่เกี่ยวข้อง,,43แฟ้ม
3257,เจ้าหน้าที่อนามัย,,43แฟ้ม
3258,เจ้าหน้าที่เทคนิคทางการแพทย์ฉุกเฉิน,,43แฟ้ม
3258,เจ้าหน้าที่ประจำรถพยาบาล,,43แฟ้ม
3258,เจ้าหน้าที่ผู้ช่วยแพทย์ฉุกเฉิน,,43แฟ้ม
3259,เจ้าหน้าที่เทคนิคด้านการวางยาชาและยาสลบ,,43แฟ้ม
3259,นักบำบัดโรคด้วยการจัดกระดูกสันหลัง (ไคโรแพรคติค),,43แฟ้ม
3259,ที่ปรึกษาด้านการวางแผนครอบครัว,,43แฟ้ม
3259,นักบำบัดโรคด้วยการจัดกระดูกสันหลัง,,43แฟ้ม
3259,นักบำบัดโรคด้วยการจัดกระดูก,,43แฟ้ม
3311,นายหน้าที่หลักทรัพย์และการเงิน,,43แฟ้ม
3311,ตัวแทนจำหน่ายเงินตราต่างประเทศ,,43แฟ้ม
3311,นายหน้าซื้อขายหุ้น,,43แฟ้ม
3312,เจ้าหน้าที่สินเชื่อและให้กู้ยืม,,43แฟ้ม
3313,ผู้ประกอบวิชาชีพที่เกี่ยวข้องทางด้านบัญชี,,43แฟ้ม
3314,ผู้ประกอบวิชาชีพที่เกี่ยวข้องกับด้านสถิติ คณิตศาสตร์ และคณิตศาสตร์ประกันภัย,,43แฟ้ม
3315,ผู้ประเมินราคาและมูลค่าความเสียหาย,,43แฟ้ม
3315,ผู้ประเมินราคาอสังหาริมทรัพย์,,43แฟ้ม
3315,ผู้ประเมินราคาค่าสินไหมทดแทน,,43แฟ้ม
3315,ผู้ประเมินราคาด้านการประกันภัย,,43แฟ้ม
3321,ตัวแทนขายประกัน,,43แฟ้ม
3321,เจ้าหน้าที่รับประกันภัย,,43แฟ้ม
3322,ตัวแทนขายด้านการค้า,,43แฟ้ม
3323,ผู้จัดซื้อ,,43แฟ้ม
3324,นายหน้าทางการค้า,,43แฟ้ม
3331,ตัวแทนพิธีการศุลกากรและตัวแทนผู้รับจัดการขนส่งสินค้า,,43แฟ้ม
3332,นักวางแผนการจัดงานและการประชุม,,43แฟ้ม
3332,เจ้าหน้าที่จัดการประชุมและการแสดง,,43แฟ้ม
3333,ตัวแทนจัดหางานและผู้ทำสัญญาด้านแรงงานทั้งภาครัฐและเอกชน,,43แฟ้ม
3334,ตัวแทนอสังหาริมทรัพย์และผู้จัดการทรัพย์สิน,,43แฟ้ม
3334,นายหน้าซื้อขายสังหาริมทรัพย์,,43แฟ้ม
3334,พนังงานขายอสังหาริมทรัพย์,,43แฟ้ม
3339,ตัวแทนการให้บริการทางธุรกิจ,,43แฟ้ม
3339,พนักงานขายงานโฆษณา,,43แฟ้ม
3339,ตัวแทนธุรกิจด้านงานแสดงดนตรี/งานละคร,,43แฟ้ม
3339,ตัวแทนธุรกิจด้านงานประพันธ์,,43แฟ้ม
3341,หัวหน้าคุมงานในสำนักงาน,,43แฟ้ม
3342,เลขานุการด้านกฎหมาย,,43แฟ้ม
3343,เลขานุการด้านการบริหารและเลขานุการผู้บริหาร,,43แฟ้ม
3343,เจ้าหน้าที่บันทึกคำให้การในศาล,,43แฟ้ม
3344,เลขานุการด้านการแพทย์,,43แฟ้ม
3351,เจ้าหน้าที่ประจำด่านศุลกากรและบริเวณพรมแดน,,43แฟ้ม
3351,เจ้าหน้าที่ตรวจหนังสือเดินทาง,,43แฟ้ม
3351,เจ้าหน้าที่ตรวจคนเข้าเมือง,,43แฟ้ม
3351,เจ้าหน้าที่ศุลกากร,,43แฟ้ม
3352,เจ้าหน้าที่สรรพากรและสรรพสามิตของรัฐ,,43แฟ้ม
3352,เจ้าหน้าที่ตรวจสอบภาษี,,43แฟ้ม
3353,เจ้าหน้าที่ดูแลสิทธิประโยชน์ทางสังคมของรัฐ,,43แฟ้ม
3354,เจ้าหน้าที่ด้านการออกใบอนุญาตของรัฐ ,,43แฟ้ม
3355,ตำรวจสืบสวนและนักสืบ,,43แฟ้ม
3355,สารวัตร,,43แฟ้ม
3355,พนักงานสืบสวนสอบสวน,,43แฟ้ม
3359,ผู้ประกอบวิชาชีพที่เกี่ยวกับด้านกฎระเบียนของรัฐ ซึ่งมิได้จัดประเภทไว้ในที่อื่นๆ,,43แฟ้ม
3411,นักสืบเอกชน,,43แฟ้ม
3411,ผู้ประกอบวิชาชีพที่เกี่ยวข้องกับกฎหมายและงานที่เกี่ยวข้อง,,43แฟ้ม
3411,เจ้าหน้าที่ตรวจสอบหลักฐานทะเบียนที่ดิน,,43แฟ้ม
3412,ผู้ประกอบวิชาชีพที่เกี่ยวกับงานสังคมสังเคราะห์,,43แฟ้ม
3413,ผู้ประกอบวิชาชีพที่เกี่ยวข้องกับศาสนา,,43แฟ้ม
3421,นักกรีฑาและนักกีฬา,,43แฟ้ม
3422,เจ้าหน้าที่และผู้ฝึกสอนกีฬา,,43แฟ้ม
3423,ผู้ฝึกสอนและผู้ดูแลโปรแกรมการสร้างสมรรถภาพของร่างการและการนันทนาการ,,43แฟ้ม
3431,ช่างถ่ายภาพ,,43แฟ้ม
3432,นักออกแบบตกแต่งภายในและมัณฑนากร,,43แฟ้ม
3433,ข่างเทคนิคดูแลห้องแสดงภาพ ห้องสมุดและพิพิธภัณฑ์,,43แฟ้ม
3434,หัวหน้าพ่อครัว/แม่ครัว,,43แฟ้ม
3435,ผู้ประกอบวิชาชีพที่เกี่ยวข้องด้านศิลปะ วัฒนธรรม ซึ่งมิได้จัดประเภทไว้ในที่อื่น,,43แฟ้ม
3435,นักแสดงแทน,,43แฟ้ม
3435,ช่างแต่งตัวนักแสดง,,43แฟ้ม
3435,ช่างสัก,,43แฟ้ม
3511,ช่างเทคนิคปฏิบัติการด้านเทคโนโลยีสารสนเทศและการสื่อสาร,,43แฟ้ม
3512,ช่างเทคนิคให้ความช่วยเหลือและแก้ปัญหาด้านเทคโนโลยีสารสนเทศและการสื่อสารกับผู้ใช้งาน,,43แฟ้ม
3513,ช่างเทคนิคด้านเครือข่ายและระบบคอมพิวเตอร์,,43แฟ้ม
3514,ช่างเทคนิคด้านเว็บไซต์,,43แฟ้ม
3514,ผู้บริหารเว็บไซต์,,43แฟ้ม
3514,ผู้ดูแลเว็บไซต์/เว็บมาสเตอร์,,43แฟ้ม
3514,ผู้เชี่ยวชาญด้านเว็บไซต์,,43แฟ้ม
3521,ช่างเทคนิคด้านการแพร่ภาพกระจายเสียงและโสตทัศนูปกรณ์,,43แฟ้ม
3521,ช่างกล้องถ่ายภาพยนตร์/ถ่ายวิดีโอ,,43แฟ้ม
3522,ช่างเทคนิควิศวกรโทรคมนาคม,,43แฟ้ม
4110,เสมียน,,43แฟ้ม
4120,เลขานุการทั่วไป,,43แฟ้ม
4131,พนักงานพิมพ์ดีด,,43แฟ้ม
4131,เจ้าหน้าที่จดชวเลข,,43แฟ้ม
4132,เจ้าหน้าที่บันทึกข้อมูล,,43แฟ้ม
4214,เจ้าพนักงานเร่งรัดหนี้สิน,,43แฟ้ม
4221,ผู้จัดนำเที่ยว,,43แฟ้ม
4222,พนักงานศูนย์บริการข้อมูลข่าวสาร,,43แฟ้ม
4223,พนักงานรับโทรศัพท์,,43แฟ้ม
4223,พนักงานควบคุมแผงเครื่องติดต่อทางโทรศัพท์,,43แฟ้ม
4224,พนักงานตอนรับของโรงแรม,,43แฟ้ม
4225,พนักงานเคาน์เตอร์ติดต่อสอบถาม,,43แฟ้ม
4225,พนักงานประชาสัมพันธ์,,43แฟ้ม
4226,พนักงานต้อนรับทั่วไป,,43แฟ้ม
4227,พนักงานสัมภาษณ์ในโครงการสำรวจและวิจัยตลาด,,43แฟ้ม
4229,เจ้าหน้าที่คัดกรองผู้มีสิทธิ์เข้ารับบริการ,,43แฟ้ม
4412,บุรุษไปรษณีย์,,43แฟ้ม
5111,พนักงานต้อนรับและบริการในการเดินทาง,,43แฟ้ม
5111,แอร์โฮสเตส,,43แฟ้ม
5112,พนักงานดูแลและเก็บค่าโดยสารยานพาหนะ,,43แฟ้ม
5113,มัคคุเทศก์,,43แฟ้ม
5120,พ่อครัว/แม่ครัว,,43แฟ้ม
5131,พนักงานเสิร์ฟอาหารและเครื่องดื่ม,,43แฟ้ม
5132,พนักงานผสมเครื่องดื่ม(บาร์เทนเดอร์),,43แฟ้ม
5141,ช่างแต่งผม,,43แฟ้ม
5141,ช่างตัดผม,,43แฟ้ม
5141,ผู้เชี่ยวชาญด้านการดูแลเส้นผม,,43แฟ้ม
5142,ช่างเสริมสวยและผู้ปฏิบัติงานที่เกี่ยวข้อง,,43แฟ้ม
5142,ที่ปรึกษาด้านการลดน้ำหนักและกระชับสัดส่วน,,43แฟ้ม
5151,หัวหน้าคุมงานด้านการทำความสะอาดและงานแม่บ้านในสำนักงาน โรงแรมและสถานประกอบการอื่นๆ,,43แฟ้ม
5152,พนักงานดูแลงานบ้าน/แม่บ้าน,,43แฟ้ม
5153,พนักงานดูแลความเรียบร้อยของอาคารสถานที่,,43แฟ้ม
5153,นักการ/ภารโรง,,43แฟ้ม
5161,โหร  ผู้ทำนายโชคชะตา  และผู้ประกอบอาชีพที่เกี่ยวข้อง,,43แฟ้ม
5161,หมอดู,,43แฟ้ม
5161,นักโหราเลขศาสตร์,,43แฟ้ม
5162,คนรับใช้,,43แฟ้ม
5163,สัปเหร่อ,,43แฟ้ม
5163,เจ้าหน้าที่ฉีดยาศพ,,43แฟ้ม
5164,ช่างตัดแต่งขนสัตว์เลี้ยงและพนักงานดูแลสัตว์เลี้ยง,,43แฟ้ม
5164,ผู้ดูแลสวนสัตว์,,43แฟ้ม
5165,ครูสอนขับรถ,,43แฟ้ม
5169,พนักงานบริการส่วนบุคคล,,43แฟ้ม
5169,พนักงานต้อนรับชาย/หญิงในคลับ,,43แฟ้ม
5211,ผู้จำหน่ายสินค้าตามแผงลอยและตลาด,,43แฟ้ม
5212,ผู้จำหน่วยอาหารตามถนน,,43แฟ้ม
5212,พ่อค้า/แม่ค้าเร่ขายอาหาร,,43แฟ้ม
5221,เจ้าของร้านค้า,,43แฟ้ม
5221,ตัวแทนจำหน่ายหนังสือพิมพ์หรือนิตยสารต่างๆ,,43แฟ้ม
5222,หัวหน้าคุมงานในร้านค้า,,43แฟ้ม
5222,หัวหน้าคุมงานในซุปเปอร์มาร์เก็ต,,43แฟ้ม
5223,พนังงานช่วยขายในร้านค้า,,43แฟ้ม
5223,พนังงานในร้านค้าปลีก/ค้าส่ง,,43แฟ้ม
5230,พนักงานแคชเชียร์และเสมียนขายตัว,,43แฟ้ม
5230,พนักงานแคชเชียร์ประจำสถานีบริการน้ำมันเชื้อเพลิง,,43แฟ้ม
5241,นายแบบและนางแบบแฟชั่นและผู้แสดงแบบอื่นๆ,,43แฟ้ม
5241,นายแบบและนางแบบงานโฆษณา,,43แฟ้ม
5241,นายแบบและนางแบบงานศิลปะ ,,43แฟ้ม
5242,พนักงานสาธิตและขายสินค้า,,43แฟ้ม
5243,ผู้จำหน่วยสินค้าตามบ้าน,,43แฟ้ม
5244,พนักงานขายในศูนย์บริการลูกค้า,,43แฟ้ม
5244,ผู้จำหน่ายสินค้าในศูนย์บริการทางโทรศัพท์,,43แฟ้ม
5244,ผู้จำหน่ายสินค้าทางอินเตอร์เน็ต,,43แฟ้ม
5245,พนักงานบริการในสถานีบริการน้ำมันเชื้อเพลิง,,43แฟ้ม
5245,พนักงานประจำท่าจอดเรือ,,43แฟ้ม
5246,พนักงานเคาน์เตอร์บริการอาหาร,,43แฟ้ม
5249,ผู้จำหน่ายสินค้าอื่นๆซึ่งมิได้จัดประเภทไว้ในที่อื่นๆ,,43แฟ้ม
5311,ผู้ปฏิบัติงานดูแลเด็ก,,43แฟ้ม
5311,พี่เลี้ยงเด็ก,,43แฟ้ม
5312,ครูผู้ช่วยเด็กปฐมวัย,,43แฟ้ม
5321,ผู้ช่วยงานดูแลสุขภาพ,,43แฟ้ม
5321,เจ้าหน้าที่ช่วยงานพยาบาลตามคลินิกหรือโรงพยาบาล,,43แฟ้ม
5321,เจ้าหน้าที่ช่วยงานผดุงครรภ์ตามคลินิกหรือโรงพยาบาล,,43แฟ้ม
5321,เจ้าหน้าที่ช่วยดูแลผู้ป่วย,,43แฟ้ม
5322,ผู้ดูแลส่วนบุคคลตามบ้าน,,43แฟ้ม
5322,ผู้ดูแลส่วนบุคคลด้านสุขภาพซึ่งมิได้จัดประเภทไว้ในที่อื่น,,43แฟ้ม
5329,เจ้าหน้าที่เจาะเลือด,,43แฟ้ม
5411,พนักงานดับเพลิง,,43แฟ้ม
5411,พนังงานดับไฟป่า,,43แฟ้ม
5412,เจ้าหน้าที่ตำรวจ,,43แฟ้ม
5413,ผู้คุมนักโทษ,,43แฟ้ม
5413,พัศดี,,43แฟ้ม
5414,พนักงานรักษาความปลอดภัย,,43แฟ้ม
5414,ยามรักษาการณ์,,43แฟ้ม
5419,ผู้ให้บริการด้านการป้องกันภัย ซึ่งมิได้จัดประเภทไว้ในที่อื่นๆ,,43แฟ้ม
5419,เจ้าหน้าที่ดูแลสัตว์ป่า,,43แฟ้ม
5419,ผู้ดูแลสวนสัตว์,,43แฟ้ม
6111,ผู้ปลูกพืชไร่และพืชผัก,,43แฟ้ม
6111,ทำไร่,,43แฟ้ม
6111,ชาวนาปลูกข้าว,,43แฟ้ม
6112,ผู้ปลูกไม้ยืนต้นและไม้ผล,,43แฟ้ม
6112,คนงานกรีดยาง,,43แฟ้ม
6112,ผู้ปลูกยางพารา,,43แฟ้ม
6113,ผู้ปลูกพืชสวน ไม้ดอกไม้ประดับ และพืชในเรือนเพาะชำ,,43แฟ้ม
6113,ผู้ปลูกไม้ดอกไม้ประดับ,,43แฟ้ม
6113,นักออกแบบตกแต่งสวน,,43แฟ้ม
6113,เพาะต้นไม้ขาย,,43แฟ้ม
6113,ผู้เพาะเห็ด,,43แฟ้ม
9211,คนงานเก็บผลไม้,,43แฟ้ม
6114,ผู้ปลูกพืชแบบผสมผสาน,,43แฟ้ม
6121,ผู้เลี้ยงปศุสัตว์และผลิตภัณฑ์นม,,43แฟ้ม
6121,ทำฟาร์มนม,,43แฟ้ม
6122,ผู้เลี้ยงสัตว์ปีก,,43แฟ้ม
6122,ผู้ผสมพันธุ์สัตว์ปีก,,43แฟ้ม
6122,ผู้ทำฟาร์มสัตว์ปีก,,43แฟ้ม
6123,ผู้เลี้ยงผึ้งและไหม,,43แฟ้ม
6129,ผู้เลี้ยงสัตว์เพื่อการค้าขาย ซึ่งมิได้จัดประเภทไว้ในที่อื่น,,43แฟ้ม
6129,ผู้เลี้ยงนกกระจอกเทศ,,43แฟ้ม
6130,ผู้ปลูกพืชร่วมกับการเลี้ยงสัตว์,,43แฟ้ม
6210,ผู้ปฏิบัติงานด้านการป่าไม้และงานอื่นที่เกี่ยวข้อง,,43แฟ้ม
6210,คนเผาถ่าน,,43แฟ้ม
6210,ผู้สำรวจทรัพยากรป่าไม้,,43แฟ้ม
6210,คนงานผีมือด้านการป่าไม้,,43แฟ้ม
6221,ผู้ปฏิบัติงานด้านการเพาะเลี้ยงสัตว์น้ำ,,43แฟ้ม
6221,ผู้ทำฟาร์มสัตว์น้ำ,,43แฟ้ม
6221,ผู้เลี้ยงหอยนางรม,,43แฟ้ม
6222,ผู้ปฏิบัติงานด้านการประมงน้ำจืดและประมงชายฝั่งทะเล,,43แฟ้ม
6222,กัปตันเรือประมงชายฝั่ง,,43แฟ้ม
6222,ชาวประมงพื้นบ้าน,,43แฟ้ม
6223,ชาวประมงทะเลน้ำลึก,,43แฟ้ม
6223,กัปตันเรือประมงทะเลน้ำลึก,,43แฟ้ม
6223,กัปตันเรือลากอวน,,43แฟ้ม
6224,ผู้ปฏิบัติงานด้านล่าสัตว์และวางกับดักสัตว์ต่างๆ,,43แฟ้ม
6310,ผู้ปฏิบัติงานด้านการปลูกพืชเพื่อการดำรงชีพ,,43แฟ้ม
6320,ผู้ปฏิบัติงานด้านการเลี้ยงสัตว์เพื่อการดำรงชีพ,,43แฟ้ม
6330,ผู้ปฏิบัติงานด้านการปลูกพืชร่วมกับการเลี้ยงสัตว์เพื่อการดำรงชีพ,,43แฟ้ม
6340,ผู้ปฏิบัติงานด้านการประมง ล่าสัตว์และเก็บพืชผลเพื่อการดำรงชีพ,,43แฟ้ม
6340,คนหาของป่า,,43แฟ้ม
6340,คนงมหาของใต้น้ำเพื่อการดำรงชีพ,,43แฟ้ม
7111,ช่างก่อสร้างที่อยู่อาศัย,,43แฟ้ม
7112,ช่างก่ออิฐและผู้ปฏิบัติงานที่เกี่ยวข้อง,,43แฟ้ม
7113,ช่างหิน ตัดหิน เจาะสกัดหิน และแกะหิน,,43แฟ้ม
7113,ช่างขัดเงาหิน,,43แฟ้ม
7122,ช่างปูกระเบื้องและผนัง,,43แฟ้ม
7114,ช่างหล่อเทคอนกรีต ตกแต่งผิวซีเมนต์ และผู้ปฏิบัติงานที่เกี่ยวข้อง,,43แฟ้ม
7114,ช่างทำพื้นหินขัด,,43แฟ้ม
7115,ช่างไม้,,43แฟ้ม
7115,ช่างต่อเรือไม้,,43แฟ้ม
7119,ช่างก่อสร้างโครงสร้างอาคาร สิ่งปลูกสร้าง และผู้ปฏิบัติงานที่เกี่ยวข้อง,,43แฟ้ม
7119,ช่างรื้อถอนอาคาร,,43แฟ้ม
7121,ช่างมุ้งหลังคา,,43แฟ้ม
7121,ช่างซ่อมหลังคา,,43แฟ้ม
7121,ช่างติดตั้งหลังคาโลหะ,,43แฟ้ม
7122,ช่างปูพื้นและกระเบื้อง,,43แฟ้ม
7122,ช่างปูพรม,,43แฟ้ม
7123,ช่างฉาบปูนและตกแต่งงานปูน,,43แฟ้ม
7124,ช่างติดตั้งฉนวน,,43แฟ้ม
7125,ช่างติดกระจก,,43แฟ้ม
7126,ช่างประปาและวางท่อ,,43แฟ้ม
7126,ช่างติดตั้งท่อระบายน้ำ รางน้ำ และท่อโลหะ,,43แฟ้ม
7126,ช่างซ่อมท่อ,,43แฟ้ม
7127,ช่างเครื่องระบบปรับอากาศและระบบความเย็น,,43แฟ้ม
7131,ช่างทาสีและปฏิบัติงานที่เกี่ยวข้อง ,,43แฟ้ม
7131,ช่างปิดวอลเปเปอร์หรือผ้าลงบนพนัก/เพดาน,,43แฟ้ม
7132,ช่างพ่นสีขัดเงา,,43แฟ้ม
7133,ช่างทำความสะอาดโครงสร้างอาคาร สิ่งปลูกสร้าง,,43แฟ้ม
7211,ช่างทำแบบหล่อโลหะและแกนแบบหล่อโลหะ,,43แฟ้ม
7212,ช่างเชื่อมและช่างตัดโลหะด้วยเปลวไฟ,,43แฟ้ม
7212,ช่างทำเครื่องทองเหลือง,,43แฟ้ม
7213,ช่างโลหะแผ่น,,43แฟ้ม
7213,ช่างทำผลิตภัณฑ์โลหะแผ่นสำหรับให้ช่างมุงหลังคาใช้งานและติดตั้ง,,43แฟ้ม
7214,ช่างเตรียมและติดตั้งโครงสร้างโลหะ,,43แฟ้ม
7215,ช่างติดตั้งเครื่องยกหรือสายเคเบิล,,43แฟ้ม
7221,ช่างเหล็ก ช่างตีเหล็ก และช่างคุมเครื่องอัดขึ้นรูปโลหะ,,43แฟ้ม
7222,ช่างทำกุญแจ,,43แฟ้ม
7222,ช่างปืน,,43แฟ้ม
7223,ช่างปรับตั้งและใช้เครื่องกลงานโลหะ,,43แฟ้ม
7223,ช่างกลึงโลหะ,,43แฟ้ม
7223,ช่างคุมเครื่องหล่อโลหะ,,43แฟ้ม
7223,ช่างคุมเครื่องกลึงโหละ,,43แฟ้ม
7223,ช่างคุมเครื่องคว้านโลหะ,,43แฟ้ม
7224,ช่างขัดเงาโลหะ ช่างเจียระไนโลหะ และช่างลับเครื่องมือ,,43แฟ้ม
7224,ช่างลับมีด,,43แฟ้ม
7231,ช่างเครื่องและช่างซ่อมเครื่องยนต์ยานยนต์,,43แฟ้ม
7232,ช่างเครื่องและช่างปรับเครื่องยนต์อากาศยาน,,43แฟ้ม
7232,วิศวกรบำรุงรักษาโครงสร้างอากาศยาน,,43แฟ้ม
7232,วิศวกรบำรุงรักษาเครื่องยนต์อากาศยาน,,43แฟ้ม
7232,ช่างซ่อมเฮลิคอปเตอร์,,43แฟ้ม
7233,ช่างเครื่องและช่างปรับเครื่องจักรกลทางการเกษตรหรืออุตสาหกรรม,,43แฟ้ม
7234,ช่างซ่อมรถจักรยานและผู้ปฏิบัติงานที่เกี่ยวข้อง,,43แฟ้ม
7234,ช่างซ่อมรถเข็นเด็กทารก,,43แฟ้ม
7234,ช่างซ่อมรถเข็นสำหรับคนป่วยหรือคนพิการ,,43แฟ้ม
7311,ช่างทำและซ่อมเครื่องมือที่มีความเที่ยงตรงแม่นยำ,,43แฟ้ม
7311,ช่างซ่อมและทำนาฬิกา,,43แฟ้ม
7311,ช่างทำและซ่อมเครื่องมือที่ใช้ในการพยากรณ์อากาศ,,43แฟ้ม
7311,ช่างซ่อมอุปกรณ์ถ่ายภาพ,,43แฟ้ม
7312,ช่างทำเครื่องดนตรีและปรับเสียงดนตรี,,43แฟ้ม
7312,ช่างปรับเสียงเปียโน,,43แฟ้ม
7312,ช่างทำเสียงดนตรีประเภทสาย,,43แฟ้ม
7313,ช่างทำเครื่องเพชรพลอยและรูปพรรณ และโลหะมีค่า,,43แฟ้ม
7313,ช่างทอง,,43แฟ้ม
7313,ช่างฝังอัญมณี,,43แฟ้ม
7313,ช่างเงิน,,43แฟ้ม
7313,ช่างลงยาเครื่องเพชรพลอยและรูปพรรณ,,43แฟ้ม
7314,ช่างทำเครื่องปั้นดินเผาและผู้ปฏิบัติงานที่เกี่ยวข้อง,,43แฟ้ม
7315,ช่างทำเครื่องแก้ว ช่างตัด ช่างเจียระไน และช่างตกแต่งเครื่องแก้ว,,43แฟ้ม
7316,ช่างเขียนเครื่องหมาย ช่างลงสี ช่างแกะสลัก และช่างกับลายแก้ว,,43แฟ้ม
7316,ช่างเขียนป้ายหรือเครื่องหมาย,,43แฟ้ม
7316,ช่างเคลือบแก้ว,,43แฟ้ม
7317,ช่างงานหัตกรรมไม้ เครื่องจักรสาน และวัสดุที่เกี่ยวข้อง,,43แฟ้ม
7317,ช่างทำเฟอร์นิเจอร์สาน,,43แฟ้ม
7317,ช่างทำตะกร้า,,43แฟ้ม
7318,ช่างงานหัตกรรมสิ่งทอ เครื่องหนัง และวัสดุที่เกี่ยวข้อง,,43แฟ้ม
7318,ช่างทอเสื้อผ้า,,43แฟ้ม
7319,ช่างงานหัตกรรม  ซึ่งมิได้จัดประเภทไว้ในที่อื่น,,43แฟ้ม
7319,ช่างเกาะสลักหิน,,43แฟ้ม
7321,ช่างเทคนิคก่อนงานพิมพ์,,43แฟ้ม
7321,ช่างประกอบฟิล์ม,,43แฟ้ม
7321,ช่างจัดพิมพ์ด้วยคอมพิวเตอร์(Desktop publishing),,43แฟ้ม
7321,ช่างเทคนิคงานก่อนงานพิมพ์อิเล็กทรอนิกส์,,43แฟ้ม
7321,ช่างทำเพลตงานพิมพ์สกรีน,,43แฟ้ม
7321,ช่างทำแม่พิมพ์งานพิมพ์,,43แฟ้ม
7321,ช่างเรียงพิมพ์,,43แฟ้ม
7321,ช่างสร้างลายด้วยแสง,,43แฟ้ม
7322,ช่างพิมพ์,,43แฟ้ม
7323,ช่างตกแต่งงานพิมพ์และเข้าเล่ม,,43แฟ้ม
7323,พนักงานเครื่องตัดกระดาษ,,43แฟ้ม
7411,ช่างเดินสายไฟภายในอาคารและอุปกรณ์ไฟฟ้าที่เกี่ยวข้อง,,43แฟ้ม
7411,ช่างไฟฟ้า,,43แฟ้ม
7411,ช่างซ่อมไฟฟ้าประจำอาคาร,,43แฟ้ม
7412,ช่างเครื่องและช่างปรับอุปกรณ์ไฟฟ้า,,43แฟ้ม
7412,ช่างไฟฟ้ายานยนต์,,43แฟ้ม
7412,ช่างพันไดนาโม,,43แฟ้ม
7412,ช่างซ่อมลิฟต์,,43แฟ้ม
7413,ช่างติดตั้งและซ่อมสายส่งกระแสไฟฟ้า,,43แฟ้ม
7421,ช่างเครื่องและผู้ให้บริการด้านอุปกรณ์อิเล็กทรอนิกส์,,43แฟ้ม
7421,วิศวกรบำรุงรักษาอุปกรณ์ไฟฟ้าและอิเล็กทรอนิกส์อากาศยาน,,43แฟ้ม
7421,ช่างเทคนิคเครื่องถ่ายเอกสาร,,43แฟ้ม
7422,ช่างติดตั้งและผู้ให้บริการด้านอุปกรณ์เทคโนโลยีสารสนเทศและการสื่อสาร,,43แฟ้ม
7422,ช่างติดตั้งโทรศัพท์,,43แฟ้ม
7511,ผู้ฆ่าชำแหละเนื้อสัตว์และสัตว์น้ำ และผู้จัดเตรียมอาหารที่เกี่ยวข้อง,,43แฟ้ม
7511,คนขายปลา,,43แฟ้ม
7512,ผู้ทำขนมปัง ขนมเค้ก ขนมหวาน และลูกกวาด,,43แฟ้ม
7513,ผู้ผลิตผลิตภัณฑ์นม,,43แฟ้ม
7514,ผู้ถนอมผลไม้ พืชผัก และผู้ถนอมอาหารที่เกี่ยวข้อง,,43แฟ้ม
7515,ผู้ชิมรสและจัดระดับชั้นคุณภาพของอาหารและเครื่องดื่ม,,43แฟ้ม
7516,ผู้เตรียมใบยาสูบและผลิตผลิตภัณฑ์ยาสูบ,,43แฟ้ม
7521,ช่างอัดน้ำยาและอบไม้,,43แฟ้ม
7521,ช่างควบคุมเตาอบไม้,,43แฟ้ม
7522,ช่างทำเฟอร์นิเจอร์ไม้และผู้ปฏิบัติงานที่เกี่ยวข้อง,,43แฟ้ม
7522,ช่างทำตู้,,43แฟ้ม
7522,ช่างทำเกวียน,,43แฟ้ม
7523,ช่างปรับตั้งและใช้เครื่องจักรงานไม้,,43แฟ้ม
7523,ช่างเครื่องแกะสลักไม้,,43แฟ้ม
7523,ช่างเครื่องผลิตเฟอร์นิเจอร์ไม้,,43แฟ้ม
7531,ช่างตัดเย็บเสื้อผ้า ช่างทำเสื้อผ้าขนสัตว์ และช่างทำหมวก,,43แฟ้ม
7531,ผู้คัดคุณภาพหนังเฟอร์นิเจอร์,,43แฟ้ม
7532,ช่างสร้างแบบและตัดวัสดุเพื่อผลิตเครื่องแต่งกายและสิ่งของที่เกี่ยวข้อง,,43แฟ้ม
7532,ช่างสร้างแบบเครื่องแต่งกาย  ,,43แฟ้ม
7532,ช่างตัดเครื่องแต่งกาย,,43แฟ้ม
7533,ช่างเย็บ ช่างปัก และผู้ปฏิบัติงานที่เกี่ยวข้อง,,43แฟ้ม
7533,ช่างทำร่ม,,43แฟ้ม
7534,ช่างหุ้มเบาะและผู้ปฏิบัติงานที่เกี่ยวข้อง,,43แฟ้ม
7534,ช่างหุ้มอุปกรณ์ทางศัลยศาสตร์กระดูก,,43แฟ้ม
7534,ช่างทำฟูกที่นอน,,43แฟ้ม
7535,ช่างตกแต่งหนังสัตว์ ช่างฟอกหนัง และช่างถากหนังขูดขนสัตว์,,43แฟ้ม
7535,ช่างย้อมหนังสัตว์,,43แฟ้ม
7536,ช่างทำรองเท้าและผู้ปฏิบัติงานที่เกี่ยวข้อง,,43แฟ้ม
7536,ช่างซ่อมรองเท้า,,43แฟ้ม
7536,ช่างทำอานม้า,,43แฟ้ม
7541,ผู้ปฏิบัติงานใต้น้ำ,,43แฟ้ม
7541,นักประดาน้ำกู้ภัย,,43แฟ้ม
7541,คนเก็บหอยนางรม,,43แฟ้ม
7542,ผู้ปฏิบัติด้านวัตถุระเบิดและผู้ปฏิบัติงานจุดระเบิด,,43แฟ้ม
7542,เจ้าหน้าที่จุดระเบิดในเหมืองแร่และเหมืองหิน,,43แฟ้ม
7543,ผู้คัดคุณภาพและทดสอบผลิตภัณฑ์(ยกเว้นอาหารและเครื่องดื่ม),,43แฟ้ม
7544,ผู้รมยาและกำจัดแมลงและสัตว์ศัตรูพืช,,43แฟ้ม
7544,ผู้รมยากำจัดปลวก/แมลงสาป,,43แฟ้ม
7549,คนจัดดอกไม้,,43แฟ้ม
7549,ช่างตัดแต่งเลนส์ชนิดใช้ในทางทัศนศาสตร์,,43แฟ้ม
8111,ผู้ปฏิบัติงานในเหมืองแร่และเหมืองหิน,,43แฟ้ม
8111,ผู้ควบคุมเครื่องจักรแบบต่อเนื่องในเหมืองแร่,,43แฟ้ม
8111,ผู้ควบคุมเครื่องจักรขุดเจาะในการทำเหมืองแร่,,43แฟ้ม
8111,ผู้ควบคุมเครื่องจักรขนาดใหญ่ในการทำเหมืองแร่,,43แฟ้ม
8111,ผู้ควบคุมเครื่องยกขนาดใหญ่ในเหมืองแร่,,43แฟ้ม
8111,ผู้ควบคุมเครื่องจักรโรงงานในเหมืองแร่,,43แฟ้ม
8111,พนักงานขุดเจาะด้วยเครื่องจักรในเหมืองแร่,,43แฟ้ม
8112,ผู้ควบคุมเครื่องจักรโรงงานแปรรูปแร่และหิน,,43แฟ้ม
8112,คนร่อนทอง,,43แฟ้ม
8113,ผู้ควบคุมเครื่องจักรขุดเจาะบ่อและปฏิบัติงานที่เกี่ยวข้อง,,43แฟ้ม
8113,ผู้ควบคุมเครื่องจักรเจาะคว้าน,,43แฟ้ม
8113,ผู้ควบคุมเครื่องเจาะบ่อน้ำมันหรือก๊าซ,,43แฟ้ม
8113,ผู้ควบคุมเครื่องจักรขุดเจาะขนาดใหญ่,,43แฟ้ม
8114,ผู้ควบคุมเครื่องจักรผลิตผลิตภัณฑ์ซีเมนต์ หิน และแร่อื่นๆ,,43แฟ้ม
8114,ผู้ควบคุมเครื่องจักรผลิตคอนกรีตหล่อสำเร็จรูป,,43แฟ้ม
8114,ผู้ควบคุมเครื่องจักรผลิตผลิตภัณฑ์คอนกรีต,,43แฟ้ม
8121,ผู้ควบคุมเครื่องจักรโรงงานแปรรูปโลหะ,,43แฟ้ม
8122,ผู้ควบคุมเครื่องจักรตกแต่ง ชุบ  และเคลือบผิวโลหะ,,43แฟ้ม
8131,ผู้ควบคุมเครื่องจักรโรงงานและเครื่องจักรผลิตผลิตภัณฑ์เคมี,,43แฟ้ม
8131,ผู้ควบคุมเครื่องจักรผลิตผลิตภัณฑ์ทางเภสัชกรรมและเครื่องประเทืองโฉม,,43แฟ้ม
8132,ผู้ควบคุมเครื่องจักรผลิตผลิตภัณฑ์ด้านการถ่ายภาพ,,43แฟ้ม
8132,ช่างเทคนิคในห้องมือสำหรับล้างรูป,,43แฟ้ม
8132,ผู้ควบคุมเครื่องล้างฟิล์ม,,43แฟ้ม
8132,เจ้าหน้าที่ล้างอัดรูป,,43แฟ้ม
8132,เจ้าหน้าที่อัดขยายภาพ,,43แฟ้ม
8141,ผู้ควบคุมเครื่องจักรผลิตผลิตภัณฑ์ยาง,,43แฟ้ม
8142,ผู้ควบคุมเครื่องจักรผลิตผลิตภัณฑ์พลาสติก,,43แฟ้ม
8142,พนักงานดึงเส้นใยแก้ว,,43แฟ้ม
8143,ผู้ควบคุมเครื่องจักรผลิตผลิตภัณฑ์กระดาษ,,43แฟ้ม
8151,ผู้ควบคุมเครื่องจักรจัดเตรียมเส้นใย ปั่น และกรอเส้นใย,,43แฟ้ม
8152,ผู้ควบคุมเครื่องจักรทอผ้าและเครื่องจักรถักนิต,,43แฟ้ม
8152,ผู้ควบคุมเครื่องจักรผลิตตาข่าย,,43แฟ้ม
8153,ผู้ควบคุมเครื่องจักรเย็บผ้า,,43แฟ้ม
8153,ผู้ควบคุมเครื่องจักร ปักลวดลาย,,43แฟ้ม
8154,ผู้ควบคุมเครื่องจักรฟอก ย้อม  และทำความสะอาดเส้นใย,,43แฟ้ม
8155,ผู้ควบคุมเครื่องจักรจัดเตรียมขนสัตว์และหนังฟอก,,43แฟ้ม
8156,ผู้ควบคุมเครื่องจักรผลิตร้องเท้า,,43แฟ้ม
8157,ผู้ควบคุมเครื่องจักรด้านการซักรีด,,43แฟ้ม
8159,ผู้ควบคุมเครื่องจักรผลิตผลิตภัณฑ์สิ่งทอ ขนสัตว์ และหนังฟอก ซึ่งมิได้จัดประเภทไว้ในที่อื่น,,43แฟ้ม
8159,ผู้ควบคุมเครื่องจักรสร้างแบบ(pattern),,43แฟ้ม
8159,ผู้ควบคุมเครื่องจักรผลิตหมวก,,43แฟ้ม
8159,ผู้ควบคุมเครื่องจักรผลิตเปีย,,43แฟ้ม
8159,ผู้ควบคุมเครื่องจักรผลิตเต็นท์,,43แฟ้ม
8160,ผู้ควบคุมเครื่องจักรผลิตผลิตภัณฑ์อาหารและผลิตภัณฑ์ที่เกี่ยวข้อง,,43แฟ้ม
8160,ผู้ควบคุมเครื่องจักรผลิตบุหรี่,,43แฟ้ม
8171,ผู้ควบคุมเครื่องจักรโรงงานผลิตเยื่อกระดาษและกระดาษ,,43แฟ้ม
8172,ผู้ควบคุมเครื่องจักรแปรรูปไม้,,43แฟ้ม
8181,ผู้ปฏิบัติงานเครื่องจักรโรงงานผลิตแก้วและเซรามิก,,43แฟ้ม
8181,ผู้ควบคุมเตาเผาอิฐและกระเบื้อง,,43แฟ้ม
8181,ผู้ควบคุมเครื่องจักรผสมดินเหนียว,,43แฟ้ม
8181,ผู้ควบคุมเครื่องปั้นดินเผาและเครื่องพอร์ชเลน,,43แฟ้ม
8182,ผู้ปฏิบัติงานเครื่องจักรไอน้ำและหม้อน้ำ,,43แฟ้ม
8183,ผู้ปฏิบัติงานเครื่องจักรที่ใช้ในการห่อและบรรจุผลิตภัณฑ์ การบรรจุขวด และการติดฉลาก,,43แฟ้ม
8189,ผู้ควบคุมเครื่องจักรฟั่นต่อสายเคเบิลและเชือก,,43แฟ้ม
8211,ผู้ประกอบเครื่องจักรกล,,43แฟ้ม
8211,พนักงานประกอบกระปุกเกียร์,,43แฟ้ม
8211,พนักงานประกอบเครื่องยนต์,,43แฟ้ม
8211,พนักงานประกอบยานยนต์,,43แฟ้ม
8211,พนักงานติดตั้งเครื่องยนต์,,43แฟ้ม
8211,พนักงานประกอบอากาศยาน,,43แฟ้ม
8211,พนักงานประกอบเครื่องกังหัน,,43แฟ้ม
8212,ผู้ประกอบอุปกรณ์ไฟฟ้าและอิเล็กทรอนิกส์,,43แฟ้ม
8212,พนักงานประกอบโทรศัพท์,,43แฟ้ม
8212,พนักงานประกอบโทรทัศน์,,43แฟ้ม
8212,พนักงานประกอบนาฬิกา,,43แฟ้ม
8219,ผู้ปฏิบัติงานด้านการประกอบอื่นๆ  นอกเหนือจากชิ้นส่วนอิเล็กทรอนิกส์ ไฟฟ้าและเครื่องจักรกล,,43แฟ้ม
8311,ผู้ขับหัวรถจักร,,43แฟ้ม
8311,พนักงานขับรถไฟฟ้า,,43แฟ้ม
8311,พนักงานขับรถไฟ,,43แฟ้ม
8312,พนักงานห้ามล้อรถไฟ พนักงานส่งสัญญาณรถไฟ และพนักงานสับเปลี่ยนรถไฟ,,43แฟ้ม
8321,ผู้ขับขี่รถจักรยานยนต์,,43แฟ้ม
8321,คนขับขี่รถจักรยานยนต์ส่งเอกสาร/สินค้า,,43แฟ้ม
8321,คนขับขี่รถสามล้อเครื่อง,,43แฟ้ม
8322,ผู้ขับขี่รถยนต์ รถแท็กซี่ และรถตู้,,43แฟ้ม
8331,ผู้ขับรถโดยสารและรถราง,,43แฟ้ม
8331,ผู้ขับรถโดยสารประจำทาง,,43แฟ้ม
8332,ผู้ขับรถบรรทุกขนาดใหญ่,,43แฟ้ม
8332,คนขับรถพ่วง,,43แฟ้ม
8332,คนขับรถขยะ,,43แฟ้ม
8341,ผู้ควบคุมเครื่องจักรโรงงานชนิดเคลื่อนที่ได้ที่ใช้ในด้านการเกษตรและป่าไม้,,43แฟ้ม
8341,คนขับรถแทรกเตอร์,,43แฟ้ม
8342,ผู้ควบคุมเครื่องจักรขนย้ายดินและหิน และเครื่องจักรโรงงานที่เกี่ยวข้อง,,43แฟ้ม
8342,พนักงานขับรถบดถนน,,43แฟ้ม
8342,พนักงานขับรถแทรกเตอร์เกลี่ยดิน,,43แฟ้ม
8342,พนักงานขับรถปรับดิน/บลูโดเซอร์,,43แฟ้ม
8342,พนักงานรถขุดดิน,,43แฟ้ม
8343,ผู้ควบคุมปั้นจั่น รอกยก และเครื่องจักรโรงงานที่เกี่ยวข้อง,,43แฟ้ม
8344,ผู้ควบคุมรถยกสินค้า,,43แฟ้ม
8344,คนขับรถยก,,43แฟ้ม
8350,ลูกเรือบนเรือและผู้ปฏิบัติงานอื่นๆที่เกี่ยวข้อง,,43แฟ้ม
8350,กลาสีเรือ,,43แฟ้ม
9111,คนงานและผู้ช่วยทำความสะอาดที่พักอาศัย,,43แฟ้ม
9111,คนทำงานบ้านทั่วไป,,43แฟ้ม
9112,คนงานและผู้ช่วยทำความสะอาดสำนักงาน โรงแรม และสถานประกอบการอื่นๆ,,43แฟ้ม
9121,คนงานซักรีดเสื้อผ้าด้วยมือ,,43แฟ้ม
9122,คนงานทำความสะอาดยานพาหนะ,,43แฟ้ม
9123,คนงานทำความสะอาดหน้าต่าง,,43แฟ้ม
9129,คนงานทำความสะอาดอื่นๆ,,43แฟ้ม
9129,คนงาน ทำความสะอาดสระว่ายน้ำ,,43แฟ้ม
9211,คนงานปลูกพืชไร่/พืชผัก,,43แฟ้ม
9212,คนงานเลี้ยงสัตว์,,43แฟ้ม
9212,คนต้อนฝูงสัตว์,,43แฟ้ม
9212,คนเก็บฟืน,,43แฟ้ม
9212,คนตักน้ำ,,43แฟ้ม
9213,คนงานปลูกพืชร่วมกับเลี้ยงสัตว์,,43แฟ้ม
9214,คนงานปลูกพืชสวนและไม้ดอกไม้ประดับ,,43แฟ้ม
9214,คนงานตัดหญ้าสนาม,,43แฟ้ม
9214,คนงานเพาะชำพันธุ์ไม้,,43แฟ้ม
9215,คนงานป่าไม้,,43แฟ้ม
9216,คนงานประมงและเพาะเลี้ยงสัตว์น้ำ,,43แฟ้ม
9311,คนงานเหมืองแร่และเหมืองหิน,,43แฟ้ม
9311,คนทดสอบตัวอย่างหิน,,43แฟ้ม
9312,คนงานก่อสร้างและบำรุงรักษาถนน เขื่อน และงานวิศวกรรมโยธาอื่นๆที่คล้ายกัน,,43แฟ้ม
9312,คนงานขนดิน,,43แฟ้ม
9313,คนงานก่อสร้างอาคาร สิ่งปลูกสร้าง,,43แฟ้ม
9313,คนงานรื้อถอนอาคาร/สิ่งปลูกสร้าง,,43แฟ้ม
9313,คนงานแบกของในสถานที่ก่อสร้าง,,43แฟ้ม
9321,คนงานบรรจุผลิตภัณฑ์ด้วยมือ,,43แฟ้ม
9321,คนงานติดฉลากผลิตภัณฑ์ด้วยมือ,,43แฟ้ม
9321,คนงานห่อผลิตภัณฑ์ด้วยมือ,,43แฟ้ม
9329,คนงานด้านการผลิต ซึ่งมิได้จัดประเภทไว้ในที่อื่น,,43แฟ้ม
9331,คนงานขับเคลื่อนยานพาหนะโดยใช้มือหรือเท้า,,43แฟ้ม
9331,คนถีบสามล้อ,,43แฟ้ม
9331,คนเข็นของ,,43แฟ้ม
9332,คนงานขับเคลื่อนยานพาหนะและเครื่องจักรต่างๆ ที่ลากจูงโดยสัตว์,,43แฟ้ม
9332,ควาญช้าง,,43แฟ้ม
9333,คนงานขนถ่ายสินค้า,,43แฟ้ม
9334,คนงานเติมสินค้าบนชั้นวาง,,43แฟ้ม
9411,ผู้ประกอบอาหารจานด่วน,,43แฟ้ม
9412,ผู้ช่วยงานครัว,,43แฟ้ม
9412,เจ้าหน้าที่โรงครัว,,43แฟ้ม
9510,ผู้ให้บริการตามถนนและสถานที่ที่คล้ายกัน,,43แฟ้ม
9510,คนเฝ้ารถยนต์/รับฝากรถยนต์,,43แฟ้ม
9520,ผู้จำหน่ายสินค้าตามถนน(ยกเว้นอาหารพร้อมบริโภค),,43แฟ้ม
9520,คนหาบของเร่ขาย,,43แฟ้ม
9520,คนเร่ขายของ,,43แฟ้ม
9520,คนขายหนังสือพิมพ์ตามถนน,,43แฟ้ม
9611,คนเก็บขยะและวัสดุที่สามารถนำกลับมาใช้ใหม่,,43แฟ้ม
9611,คนงานเก็บขยะ,,43แฟ้ม
9612,คนงานคัดแยกขยะ,,43แฟ้ม
9612,คนเก็บขยะหรือของเก่าขาย,,43แฟ้ม
9612,คนขายขยะรีไซเคิล,,43แฟ้ม
9613,คนกวาดถนนและผู้ใช้แรงงานที่เกี่ยวข้อง,,43แฟ้ม
9613,คนกวาดสวนสาธารณะ,,43แฟ้ม
9613,คนกวาดขยะ,,43แฟ้ม
9621,พนักงานรับส่งข่าวสาร หีบห่อสิ่วของและสัมภาระ,,43แฟ้ม
9621,คนส่งหนังสือพิมพ์,,43แฟ้ม
9621,พนักงานยกกระเป๋าโรงแรม,,43แฟ้ม
9621,คนส่งหนังสือพิมพ์,,43แฟ้ม
9621,คนเดินเอกสาร,,43แฟ้ม
9622,คนงานรับจ้างทั่วไป,,43แฟ้ม
9623,คนจดมาตรวัดและเก็บเงินจากเครื่องจำหน่ายสินค้าอัตโนมัติ,,43แฟ้ม
9624,คนตักน้ำและเก็บฟืน,,43แฟ้ม
9629,ผู้ประกอบวิชาชีพงานพื้นฐานอื่นๆซึ่งมิได้จัดประเภทไว้ที่อื่น,,43แฟ้ม
9629,พนักงานประจำลานจอดรถ,,43แฟ้ม
9000,นักเรียน/นักศึกษา,,43แฟ้ม
9001,แม่บ้าน/พ่อบ้าน,,43แฟ้ม
9002,ในปกครอง,,43แฟ้ม
9003,ข้าราชการบำนาญ,,43แฟ้ม
9004,ลูกจ้างประจำ,,43แฟ้ม
9005,ลูกจ้างชั่วคราว,,43แฟ้ม
9006,เจ้าพนักงานทันตสาธารณสุข,,43แฟ้ม
9007,เจ้าพนักงานสาธารณสุข,,43แฟ้ม
9998,ไม่ทราบ / ไม่ระบุ,,43แฟ้ม
9999,ไม่มีงานทำ,,43แฟ้ม
